heuristic,found,path_cost,path_length,nodes_expanded,nodes_generated,runtime_ms,trial,grid,density
Manhattan,True,17.0,17,46,65,0.2241,0,20x20,0.22
Euclidean,True,17.0,17,56,71,0.2316,0,20x20,0.22
Chebyshev,True,17.0,17,69,86,0.2798,0,20x20,0.22
Manhattan,True,4.0,4,5,12,0.0255,1,20x20,0.22
Euclidean,True,4.0,4,5,12,0.022,1,20x20,0.22
Chebyshev,True,4.0,4,5,12,0.022,1,20x20,0.22
Manhattan,True,5.0,5,10,18,0.0427,2,20x20,0.22
Euclidean,True,5.0,5,10,18,0.0413,2,20x20,0.22
Chebyshev,True,5.0,5,13,20,0.0513,2,20x20,0.22
Manhattan,True,20.0,20,104,130,0.4689,3,20x20,0.22
Euclidean,True,20.0,20,128,158,0.591,3,20x20,0.22
Chebyshev,True,20.0,20,157,186,0.6903,3,20x20,0.22
Manhattan,True,7.0,7,15,27,0.072,4,20x20,0.22
Euclidean,True,7.0,7,15,27,0.0694,4,20x20,0.22
Chebyshev,True,7.0,7,22,36,0.0989,4,20x20,0.22
Manhattan,True,6.0,6,10,19,0.0486,5,20x20,0.22
Euclidean,True,6.0,6,11,20,0.0488,5,20x20,0.22
Chebyshev,True,6.0,6,12,21,0.053,5,20x20,0.22
Manhattan,True,13.0,13,44,65,0.2217,6,20x20,0.22
Euclidean,True,13.0,13,51,72,0.2334,6,20x20,0.22
Chebyshev,True,13.0,13,57,76,0.2463,6,20x20,0.22
Manhattan,True,12.0,12,22,30,0.0947,7,20x20,0.22
Euclidean,True,12.0,12,24,34,0.1047,7,20x20,0.22
Chebyshev,True,12.0,12,28,40,0.12,7,20x20,0.22
Manhattan,True,16.0,16,42,59,0.2065,8,20x20,0.22
Euclidean,True,16.0,16,52,75,0.2289,8,20x20,0.22
Chebyshev,True,16.0,16,78,101,0.3507,8,20x20,0.22
Manhattan,True,18.0,18,48,68,0.2154,9,20x20,0.22
Euclidean,True,18.0,18,65,92,0.2875,9,20x20,0.22
Chebyshev,True,18.0,18,91,113,0.4016,9,20x20,0.22
Manhattan,True,31.0,31,101,124,0.4441,10,20x20,0.22
Euclidean,True,31.0,31,129,156,0.5471,10,20x20,0.22
Chebyshev,True,31.0,31,163,194,0.7519,10,20x20,0.22
Manhattan,True,7.0,7,17,32,0.0875,11,20x20,0.22
Euclidean,True,7.0,7,19,35,0.0944,11,20x20,0.22
Chebyshev,True,7.0,7,23,38,0.1105,11,20x20,0.22
Manhattan,True,20.0,20,49,62,0.4208,12,20x20,0.22
Euclidean,True,20.0,20,56,69,0.2619,12,20x20,0.22
Chebyshev,True,20.0,20,63,78,0.2793,12,20x20,0.22
Manhattan,True,2.0,2,4,8,0.0213,13,20x20,0.22
Euclidean,True,2.0,2,4,8,0.018,13,20x20,0.22
Chebyshev,True,2.0,2,4,8,0.0173,13,20x20,0.22
Manhattan,True,30.0,30,81,106,0.3837,14,20x20,0.22
Euclidean,True,30.0,30,106,121,0.4666,14,20x20,0.22
Chebyshev,True,30.0,30,111,125,0.473,14,20x20,0.22
Manhattan,True,13.0,13,26,41,0.1204,15,20x20,0.22
Euclidean,True,13.0,13,32,46,0.1396,15,20x20,0.22
Chebyshev,True,13.0,13,44,64,0.2012,15,20x20,0.22
Manhattan,True,10.0,10,16,27,0.0764,16,20x20,0.22
Euclidean,True,10.0,10,22,34,0.0981,16,20x20,0.22
Chebyshev,True,10.0,10,31,45,0.1428,16,20x20,0.22
Manhattan,True,1.0,1,2,4,0.0081,17,20x20,0.22
Euclidean,True,1.0,1,2,4,0.0071,17,20x20,0.22
Chebyshev,True,1.0,1,2,4,0.007,17,20x20,0.22
Manhattan,True,21.0,21,45,65,0.2035,18,20x20,0.22
Euclidean,True,21.0,21,60,80,0.2671,18,20x20,0.22
Chebyshev,True,21.0,21,80,102,0.3609,18,20x20,0.22
Manhattan,True,29.0,29,66,79,0.2746,19,20x20,0.22
Euclidean,True,29.0,29,67,79,0.2572,19,20x20,0.22
Chebyshev,True,29.0,29,75,84,0.2819,19,20x20,0.22
Manhattan,True,11.0,11,21,29,0.0955,20,20x20,0.22
Euclidean,True,11.0,11,26,34,0.1017,20,20x20,0.22
Chebyshev,True,11.0,11,32,41,0.1269,20,20x20,0.22
Manhattan,True,27.0,27,66,91,0.2894,21,20x20,0.22
Euclidean,True,27.0,27,107,138,0.4469,21,20x20,0.22
Chebyshev,True,27.0,27,145,171,0.6119,21,20x20,0.22
Manhattan,True,16.0,16,44,54,0.2177,22,20x20,0.22
Euclidean,True,16.0,16,59,72,0.2383,22,20x20,0.22
Chebyshev,True,16.0,16,72,86,0.3007,22,20x20,0.22
Manhattan,True,20.0,20,58,79,0.2489,23,20x20,0.22
Euclidean,True,20.0,20,77,98,0.3111,23,20x20,0.22
Chebyshev,True,20.0,20,98,122,0.4078,23,20x20,0.22
Manhattan,True,10.0,10,23,38,0.1003,24,20x20,0.22
Euclidean,True,10.0,10,27,39,0.1088,24,20x20,0.22
Chebyshev,True,10.0,10,31,44,0.1252,24,20x20,0.22
Manhattan,True,5.0,5,9,14,0.0362,25,20x20,0.22
Euclidean,True,5.0,5,9,14,0.044,25,20x20,0.22
Chebyshev,True,5.0,5,10,15,0.0379,25,20x20,0.22
Manhattan,True,9.0,9,22,30,0.0874,26,20x20,0.22
Euclidean,True,9.0,9,26,35,0.101,26,20x20,0.22
Chebyshev,True,9.0,9,30,39,0.1163,26,20x20,0.22
Manhattan,True,9.0,9,17,27,0.0721,27,20x20,0.22
Euclidean,True,9.0,9,22,32,0.0889,27,20x20,0.22
Chebyshev,True,9.0,9,28,38,0.1169,27,20x20,0.22
Manhattan,True,13.0,13,26,39,0.1117,28,20x20,0.22
Euclidean,True,13.0,13,33,46,0.1332,28,20x20,0.22
Chebyshev,True,13.0,13,43,59,0.177,28,20x20,0.22
Manhattan,True,14.0,14,29,41,0.1211,29,20x20,0.22
Euclidean,True,14.0,14,35,47,0.1413,29,20x20,0.22
Chebyshev,True,14.0,14,50,65,0.2037,29,20x20,0.22
